sequences	score	time
100	11180.35369	45.315
500	10226.57986	112.455
1000	9874.432422	210.195
5000	9417.93211	1090.315
10000	9487.077741	1943.325
50000	9431.10296	11566.075