sequences	score	time
100	-11180.35369	9.063
500	-10226.57986	22.491
1000	-9874.432422	42.039
5000	-9417.93211	218.063
10000	-9487.077741	388.665
50000	-9431.10296	2313.215