dataset	sequences	score	time
36	100 	23642.24949	90.63
36	500	23621.10524	224.91
36	1000	23594.22018	420.39
36	5000	23552.49573	2180.63
36	10000	nan	nan
36	50000	nan	nan