sequences	score	time
100	23642.24949	90.63
500	23621.10524	224.91
1000	23594.22018	420.39
5000	23552.49573	2180.63
10000	23575.92946	3886.65
50000	23566.66447	23132.15