States	Score	Dataset
10	70551.70644	1
20	69013.07292	1
30	68885.4879	1
40	67461.44645	1
50	67767.34199	1
60	66667.97315	1
70	66438.79222	1
80	66397.38177	1
90	66178.97423	1
100	65783.16647	1