Dataset	States	BW	SBW	GE
1	10	70551.70644	70567.54224	70681.78965
1	20	69013.07292	69680.76176	69095.54996
1	30	68885.4879	68784.07939	68350.10933
1	40	67461.44645	68669.60381	67713.32023
1	50	67767.34199	68398.6465	67266.14301
1	60	66667.97315	68168.04852	67161.76757
1	70	66438.79222	67867.31357	66987.12782
1	80	66397.38177	67577.91889	66878.41691
1	90	66178.97423	67735.98407	66796.03383
1	100	65783.16647	67577.65578	65714.20133