Dataset	States	BW	SBW	GE
1	10	69691.28797	69690.70041	69016.34584
1	20	67659.48224	68879.58559	68172.16953
1	30	66658.84622	68173.69058	67745.12733
1	40	66072.45175	67935.60829	67424.47467
1	50	65682.6691	67429.82397	67089.48602
1	60	65945.67946	67400.32229	66868.31066
1	70	65627.85931	67342.45681	66730.79219
1	80	65748.88949	67433.95107	66593.91492
1	90	66092.11341	67148.80877	66449.82133
1	100	65903.14759	67266.72366	66217.09234