Dataset	States	BW	SBW	GE
23	10	55222.42924	56714.06213	58494.32431
23	20	51480.99463	55464.70223	54955.9446
23	30	50103.83151	52826.34839	52963.11548
23	40	50327.94619	53254.70462	51897.23358
23	50	49641.8164	52636.71089	51178.43795
23	60	49746.82246	52106.68272	48670.82267
23	70	50087.43471	51447.09828	46416.32137
23	80	49890.97358	51584.63506	46105.44943
23	90	49755.87237	51197.54786	45196.07303
23	100	49827.11018	51377.83336	44530.71637