Dataset	States	BW	SBW	GE
23	10	56274.66016	57228.76904	58075.36131
23	20	53377.83729	54585.70062	54822.20907
23	30	51098.2696	54639.95623	52703.59559
23	40	50844.49043	53211.90043	51503.91331
23	50	49863.42266	53642.013	50305.66685
23	60	50088.24565	52977.14524	49827.8706
23	70	49898.83319	52027.72999	49612.04582
23	80	50108.04065	51836.27501	48909.36741
23	90	49827.55413	51940.14741	48054.39843
23	100	49835.9226	51651.37718	46172.68447