Dataset	States	BW	SBW	GE
32	10	-30492.6111	-30855.49313	-31446.45745
32	20	-28616.3179	-29236.21252	-28223.87644
32	30	-27584.13807	-28536.16444	-27178.67445
32	40	-26059.70429	-27987.64643	-26719.36381
32	50	-25232.96213	-28127.79217	-25771.76922
32	60	-26313.28125	-27357.72033	-25615.31322
32	70	-24950.7941	-27693.79108	-25297.65996
32	80	-24357.47828	-27252.45682	-25090.8206
32	90	-24498.88531	-26667.69192	-24810.00251
32	100	-24311.76069	-27273.16859	-24682.67088