Dataset	States	BW	SBW	GE
37	10	70842.58731	70236.03095	70297.6236
37	20	70827.9056	70169.06581	70204.91993
37	30	70818.19739	70289.68937	70161.90675
37	40	70819.50935	70323.78408	70120.63022
37	50	70801.03421	70151.33116	70089.03447
37	60	70799.01828	70575.30382	nan
37	70	70802.22777	70673.75254	nan
37	80	70812.72431	70835.83368	nan
37	90	70802.39582	70909.25491	nan
37	100	70794.85348	70937.6833	nan