Dataset	States	BW	SBW	GE
32	10	31061.45413	30855.49313	31500.86735
32	20	28218.03444	29236.21252	29268.45243
32	30	27620.72692	28536.16444	28397.65481
32	40	26043.21464	27987.64643	27920.10761
32	50	25516.28558	28127.79217	27337.00824
32	60	25605.46208	27357.72033	26764.21442
32	70	24883.46764	27693.79108	26237.8381
32	80	24545.88608	27252.45682	25356.13214
32	90	24481.42483	26667.69192	24801.67855
32	100	24371.38463	27273.16859	24609.90879