Dataset	States	BW	SBW	GE
37	10	71311.0699	70441.55	70353.95543
37	20	71253.4974	70433.57	70196.41363
37	30	71245.08871	70408.55	70139.9682
37	40	71312.03466	70418.88	70113.04573
37	50	71258.76034	70344.92	nan
37	60	71242.35645	70395.85	nan
37	70	71335.26192	70389.91	nan
37	80	71283.57166	70369.47	nan
37	90	71291.93076	70359.01	nan
37	100	71282.87652	70370.48	nan