Dataset	States	BW	SBW	GE
43	10	38715.73476	38053.54069	38165.38563
43	20	38670.22117	37981.00188	38022.69755
43	30	38672.02544	37962.69819	37962.07808
43	40	38678.37552	37955.18326	37929.49621
43	43	38672.6152	37959.10262	37905.66428
43	50	38659.17446	37968.24781	nan
43	60	38677.7894	37959.16168	nan
43	70	38678.50972	38309.45098	nan
43	80	38672.81792	38430.68782	nan
43	90	38674.81169	38416.48413	nan
43	100	38683.12827	37924.93496	nan