Dataset	States	BW	SBW	GE
41	10	68651.37662	67745.18306	
41	20	68676.09529	67630.45229	
41	30	68639.99208	67650.1636	
41	40	68642.17434	67508.17087	
41	50	68642.26261	67479.03637	
41	60	68645.67375	67502.99692	
41	70	68637.97641	67516.53859	
41	80	68648.11742	67556.36054	
41	90	68637.62002	67520.80229	
41	100	68640.48664	67445.55449	