Dataset	States	BW	SBW	GE
6	10	91145.34	97354.67967	100848.9125
6	20	75291.82	92669.25883	92444.25902
6	30	73279.78	89630.7465	85746.25157
6	40	72097.08	86356.50004	82528.77395
6	50	69192.42	84255.94386	79525.81675
6	60	70607.04	83073.75435	75311.79697
6	70	68632.51	80241.26897	70299.11023
6	80	69260.27	79332.1355	63837.3209
6	90	68413.71	79275.80788	57163.28665
6	100	69513.12	78998.72255	52382.01671