Dataset	States	BW	SBW	GE
6	10	91010.32535	101329.3356	100064.9878
6	20	78244.55507	93366.29477	91039.46528
6	30	72249.11497	91819.98484	87308.12682
6	40	72409.2625	87966.91507	84296.0042
6	50	70136.34745	86522.67452	81074.69299
6	60	69612.61341	81501.5528	76138.516
6	70	69620.18258	81911.86999	71341.28455
6	80	69347.07612	81214.12261	65904.16685
6	90	69978.71222	80285.48748	62101.52102
6	100	68946.69507	79499.41471	56614.32222