Dataset	States	BW	SBW	GE
8	10	66469.7663	67973.37048	68794.58609
8	20	62144.58626	66557.07077	66856.28202
8	30	59917.5432	65265.87219	65453.18196
8	40	59240.10634	64083.91112	64571.91631
8	50	58336.82079	63783.50758	63663.35541
8	60	57807.40565	62924.38168	62930.48633
8	70	57452.61699	62955.69827	62436.62388
8	80	57354.5162	62848.89727	62125.84346
8	90	57280.82853	62883.21093	61304.0793
8	100	57064.15295	62454.71678	57320.32669