Dataset	States	BW	SBW	GE
8	10	67679.78365	69066.0817	68794.58609
8	20	64222.55256	67409.77574	66856.28202
8	30	61513.06086	66102.6839	65453.18196
8	40	60358.59374	65812.55531	64571.91631
8	50	59113.45639	65020.61486	63663.35541
8	60	58900.25185	64433.06244	62930.48633
8	70	58226.07243	63871.03073	62436.62388
8	80	57512.06652	63653.86262	62125.84346
8	90	57384.64132	63586.37243	61304.0793
8	100	56992.83234	63534.90001	57320.32669