States	VIT_2
40	28.79358810480890000000
50	32.68045230107280000000
60	34.26518904754070000000
70	36.51377971702680000000
80	37.60799347068280000000
90	37.85887670797080000000
100	38.00286909030680000000