Treshold	Score
0.1	-63707.37447
0.05	-52141.2137
0.01	-50230.76389
0.005	-50002.71501
0.001	-49766.86
0.0001	-49776.47384