Dataset	States	Score
37	10	70842.587309652
37	20	70827.9055965607
37	30	70818.1973874492
37	40	70819.509348283
37	50	70801.0342079386
37	60	70799.0182755133
37	70	70802.2277678119
37	80	70812.7243095471
37	90	70802.3958161778
37	100	70794.8534846198